{"cameraMode":{"drawMode":0,"name":"Shaded","section":"Shading Mode"},"sceneLighting":true,"audioPlay":false,"sceneViewState":{"m_AlwaysRefresh":false,"showFog":true,"showSkybox":true,"showFlares":true,"showImageEffects":true,"showParticleSystems":true,"showVisualEffectGraphs":true,"m_FxEnabled":true},"in2DMode":false,"pivot":{"x":4.875182628631592,"y":8.32683277130127,"z":60.22097396850586},"rotation":{"x":-0.038679830729961398,"y":-0.008991691283881665,"z":-0.00038336607394739985,"w":0.9992623925209045},"size":25.239168167114259,"orthographic":false}