{"cameraMode":{"drawMode":0,"name":"Shaded","section":"Shading Mode"},"sceneLighting":true,"audioPlay":false,"sceneViewState":{"m_AlwaysRefresh":false,"showFog":true,"showSkybox":true,"showFlares":true,"showImageEffects":true,"showParticleSystems":true,"showVisualEffectGraphs":true,"m_FxEnabled":true},"in2DMode":false,"pivot":{"x":20.578386306762697,"y":7.340675354003906,"z":58.83782958984375},"rotation":{"x":-0.04835061356425285,"y":0.1862180382013321,"z":0.008967612870037556,"w":0.9814229011535645},"size":27.561803817749025,"orthographic":false}