{"cameraMode":{"drawMode":0,"name":"Shaded","section":"Shading Mode"},"sceneLighting":false,"audioPlay":false,"sceneViewState":{"m_AlwaysRefresh":false,"showFog":true,"showSkybox":false,"showFlares":true,"showImageEffects":true,"showParticleSystems":true,"showVisualEffectGraphs":true,"m_FxEnabled":true},"in2DMode":false,"pivot":{"x":-0.12467221915721894,"y":2.1310555934906008,"z":4.8832926750183109},"rotation":{"x":-0.016187481582164766,"y":-0.005993524566292763,"z":-0.0002967706823255867,"w":0.9999855160713196},"size":1.4834504127502442,"orthographic":false}